{
  "id": "4078794",
  "name": "open-tool",
  "font_family": "iconfont",
  "css_prefix_text": "icon-",
  "description": "开源工具库",
  "glyphs": [
    {
      "icon_id": "5128956",
      "name": "天气-雷阵雨",
      "font_class": "tianqi-leizhenyu",
      "unicode": "e67b",
      "unicode_decimal": 59003
    },
    {
      "icon_id": "5870840",
      "name": "天气-晴",
      "font_class": "tianqi-qing",
      "unicode": "e61b",
      "unicode_decimal": 58907
    },
    {
      "icon_id": "7556836",
      "name": "天气-多云",
      "font_class": "tianqi-duoyun",
      "unicode": "e626",
      "unicode_decimal": 58918
    },
    {
      "icon_id": "7568271",
      "name": "天气-小雨",
      "font_class": "tianqi-xiaoyu",
      "unicode": "e628",
      "unicode_decimal": 58920
    },
    {
      "icon_id": "7569505",
      "name": "天气-阴",
      "font_class": "tianqi-yin",
      "unicode": "e62b",
      "unicode_decimal": 58923
    },
    {
      "icon_id": "7571594",
      "name": "天气-中雨",
      "font_class": "tianqi-zhongyu",
      "unicode": "e636",
      "unicode_decimal": 58934
    },
    {
      "icon_id": "7573355",
      "name": "天气-大暴雨",
      "font_class": "tianqi-dabaoyu",
      "unicode": "e63a",
      "unicode_decimal": 58938
    },
    {
      "icon_id": "3240316",
      "name": "我的-个人成就",
      "font_class": "wode-gerenchengjiu",
      "unicode": "e60b",
      "unicode_decimal": 58891
    },
    {
      "icon_id": "5485074",
      "name": "成就1",
      "font_class": "chengjiu",
      "unicode": "e603",
      "unicode_decimal": 58883
    },
    {
      "icon_id": "9387299",
      "name": "连续天数成就60天",
      "font_class": "lianxutianshu-pt-dianliang-xiao",
      "unicode": "e601",
      "unicode_decimal": 58881
    },
    {
      "icon_id": "9387300",
      "name": "连续天数成就7天",
      "font_class": "lianxutianshu-pt-dianliang-xiao1",
      "unicode": "e602",
      "unicode_decimal": 58882
    },
    {
      "icon_id": "9387301",
      "name": "连续天数成就90天",
      "font_class": "lianxutianshu-pt-dianliang-xiao2",
      "unicode": "e604",
      "unicode_decimal": 58884
    },
    {
      "icon_id": "9387302",
      "name": "连续天数成就15天",
      "font_class": "lianxutianshu-pt-dianliang-xiao3",
      "unicode": "e605",
      "unicode_decimal": 58885
    },
    {
      "icon_id": "9387303",
      "name": "连续天数成就30天",
      "font_class": "lianxutianshu-pt-dianliang-xiao4",
      "unicode": "e606",
      "unicode_decimal": 58886
    },
    {
      "icon_id": "9387304",
      "name": "连续天数成就3天",
      "font_class": "lianxutianshu-pt-dianliang-xiao5",
      "unicode": "e607",
      "unicode_decimal": 58887
    },
    {
      "icon_id": "9387315",
      "name": "连续天数成就达成",
      "font_class": "lianxutianshu-pt-dianliang-da",
      "unicode": "e608",
      "unicode_decimal": 58888
    },
    {
      "icon_id": "9389125",
      "name": "额外任务成就",
      "font_class": "ewairenwuchengjiu",
      "unicode": "e609",
      "unicode_decimal": 58889
    },
    {
      "icon_id": "9389145",
      "name": "额外任务成就1天",
      "font_class": "ewairenwuchengjiutian",
      "unicode": "e60a",
      "unicode_decimal": 58890
    },
    {
      "icon_id": "9389146",
      "name": "额外任务成就15天",
      "font_class": "ewairenwuchengjiutian1",
      "unicode": "e60c",
      "unicode_decimal": 58892
    },
    {
      "icon_id": "9389147",
      "name": "额外任务成就7天",
      "font_class": "ewairenwuchengjiutian2",
      "unicode": "e60d",
      "unicode_decimal": 58893
    },
    {
      "icon_id": "9389148",
      "name": "额外任务成就3天",
      "font_class": "ewairenwuchengjiutian3",
      "unicode": "e60e",
      "unicode_decimal": 58894
    },
    {
      "icon_id": "9389149",
      "name": "额外任务成就30天",
      "font_class": "ewairenwuchengjiutian4",
      "unicode": "e60f",
      "unicode_decimal": 58895
    },
    {
      "icon_id": "9389150",
      "name": "额外任务成就60天",
      "font_class": "ewairenwuchengjiutian5",
      "unicode": "e610",
      "unicode_decimal": 58896
    },
    {
      "icon_id": "9389697",
      "name": "【额外成就】举重",
      "font_class": "caise-xiaoci",
      "unicode": "e611",
      "unicode_decimal": 58897
    },
    {
      "icon_id": "9405973",
      "name": "累计里程成就图标",
      "font_class": "caise-datubiao",
      "unicode": "e612",
      "unicode_decimal": 58898
    },
    {
      "icon_id": "9405982",
      "name": "彩色，天津 累计里程成就图标",
      "font_class": "caisetianjin",
      "unicode": "e613",
      "unicode_decimal": 58899
    },
    {
      "icon_id": "9405983",
      "name": "彩色北京 累计里程成就图标",
      "font_class": "caisebeijing",
      "unicode": "e614",
      "unicode_decimal": 58900
    },
    {
      "icon_id": "9405984",
      "name": "彩色成都  累计里程成就图标",
      "font_class": "caisechengdu",
      "unicode": "e615",
      "unicode_decimal": 58901
    },
    {
      "icon_id": "9405985",
      "name": "彩色广州 (2)  累计里程成就图标",
      "font_class": "caiseguangzhou",
      "unicode": "e616",
      "unicode_decimal": 58902
    },
    {
      "icon_id": "9405986",
      "name": "彩色福州   累计里程成就图标",
      "font_class": "caisefuzhou",
      "unicode": "e617",
      "unicode_decimal": 58903
    },
    {
      "icon_id": "9405987",
      "name": "彩色广州  累计里程成就图标",
      "font_class": "caiseguangzhou1",
      "unicode": "e618",
      "unicode_decimal": 58904
    },
    {
      "icon_id": "9405988",
      "name": "彩色济南   累计里程成就图标",
      "font_class": "caisejinan",
      "unicode": "e619",
      "unicode_decimal": 58905
    },
    {
      "icon_id": "9405991",
      "name": "彩色上海  累计里程成就图标",
      "font_class": "caiseshanghai",
      "unicode": "e61a",
      "unicode_decimal": 58906
    }
  ]
}
